{"cameraMode":{"drawMode":0,"name":"Shaded","section":"Shading Mode"},"sceneLighting":false,"audioPlay":false,"sceneViewState":{"showFog":true,"showMaterialUpdate":false,"showSkybox":false,"showFlares":true,"showImageEffects":true,"showParticleSystems":true},"in2DMode":false,"pivot":{"x":1.6100000143051148,"y":0.5400000214576721,"z":-0.09170906990766525},"rotation":{"x":0.09126967936754227,"y":-0.4888678789138794,"z":0.0515206903219223,"w":0.8660383224487305},"size":4.343233585357666,"orthographic":true}